,si,case,LR,ENV,SPEC_ENV
0,si_10,case1,15.558158191357046,14.610784414933692,14.598959784413802
